item_name,item_id,buy_price,sell_price,quantity,trade_duration_hours,buy_day_of_week,buy_hour_of_day,buy_limit,preceding_data_points,volatility,momentum,ma_price_ratio,profit,outcome
Dragon bolts,21905,4259,4166,961,0.6166666666666667,1,16,11000,163,1051.4976747477856,0.9675700718091267,1.2419806368832382,-169443.52000000002,0
Mithril arrow,888,8,7,13000,0.08,6,20,7000,0,0,0,1,-14820,0
Amulet of strength,1725,1353,1353,125,0.36666666666666664,5,11,125,0,0,0,1,-47138.520000000004,0
Plank,960,327,336,2745,0.8166666666666667,5,11,13000,0,0,0,1,-704656.92,0
Santa hat,1050,24835,25703,4,3.5,5,8,5,0,0,0,1,1415.7599999999948,1
Iron platebody,1115,124,167,125,0.1,5,0,125,0,0,0,1,4957.5,1
Vile ashes,25769,119,122,2886,7.55,5,0,3000,0,0,0,1,1616.1599999999744,1
Ring of 3rd age,23185,4013613,4102506,1,0.8166666666666667,5,0,4,84,943645.3133040362,-0.03516286184984702,1.477963760951183,6842.879999999888,1
Ring of 3rd age,23185,4013151,4099175,1,2.85,5,8,4,96,919154.3255858412,-0.003905727962712335,1.4974850529991066,4040.5,1
Wine of zamorak,245,805,812,5493,0.016666666666666666,5,0,11000,0,0,0,1,-50755.3200000003,0
Oak logs,1521,63,64,14060,0.2,5,8,15000,0,0,0,1,-3936.8000000000466,0
Mithril 2h sword,1315,1314,1368,125,8.016666666666667,5,0,125,0,0,0,1,-18120.23999999999,0
Raw trout,335,115,120,1485,0.23333333333333334,4,23,15000,0,0,0,1,3861,1
Irit leaf,259,1705,1680,1769,1.8833333333333333,4,12,13000,0,0,0,1,-268303.3999999999,0
Pearl bolt tips,46,60,42,100,15.566666666666666,3,19,11000,0,0,0,1,-1884,0
Dragon thrownaxe,20849,362,358,356,0.4,2,1,11000,0,0,0,1,-3972.9600000000064,0
Dragon thrownaxe,20849,361,366,9057,16.633333333333333,0,8,11000,0,0,0,1,368514.23999999976,1
Dragon thrownaxe,20849,361,360,10620,4.5,1,7,11000,98,81.83575013403372,-0.4765840220385675,1.1622665808113328,-797623.2000000002,0
Grimy snapdragon,3051,9407,9281,10,0.016666666666666666,1,22,11000,0,0,0,1,-3116.199999999997,0
Grimy snapdragon,3051,9366,9462,24,0.03333333333333333,2,0,11000,0,0,0,1,-2237.7600000000093,0
Grimy snapdragon,3051,9505,9461,95,0.08,3,15,11000,0,0,0,1,-22155.900000000023,0
Grimy snapdragon,3051,9607,9614,284,0.6166666666666667,4,13,11000,0,0,0,1,-52619.52000000002,0
Raw shark,383,542,540,10,0.3,1,22,15000,0,0,0,1,-128,0
Grimy cadantine,215,2684,2643,2693,0.75,1,21,11000,0,0,0,1,-744891.5800000001,0
Grimy cadantine,215,2821,2688,100,0.4666666666666667,2,0,11000,0,0,0,1,-18676,0
Grimy cadantine,215,2763,2721,1092,1.1,4,13,11000,0,0,0,1,-1441247.22,0
Grimy toadflax,3049,3314,3249,100,0.5,0,19,13000,0,0,0,1,-12998,0
Grimy toadflax,3049,3135,3234,10,0.08,0,19,13000,0,0,0,1,343.2000000000007,1
Grimy toadflax,3049,3200,3234,10,0.03333333333333333,0,19,13000,0,0,0,1,-306.7999999999993,0
Grimy toadflax,3049,3336,3442,912,61.333333333333336,1,4,13000,0,0,0,1,-2705116,0
Bronze bar,2349,89,95,100,0.016666666666666666,0,18,10000,0,0,0,1,410,1
Bronze bar,2349,83,85,9900,1.0166666666666666,0,19,10000,0,0,0,1,2970,1
Bronze bar,2349,80,98,10000,7.066666666666666,3,1,10000,0,0,0,1,160400,1
Bronze bar,2349,99,102,13000,7.116666666666666,1,2,10000,38,0.32015621187164245,0.005,0.9934771700953337,12480,1
Grimy dwarf weed,217,2862,2824,100,0.08333333333333333,0,18,11000,0,0,0,1,-12215.520000000019,0
Grimy dwarf weed,217,2914,2855,100,0.06666666666666667,2,0,11000,0,0,0,1,-11610,0
Magic seed,5316,82170,83300,10,0.6833333333333333,0,16,200,0,0,0,1,-5360,0
Adamantite bar,2361,1964,1960,1832,0.55,0,11,10000,0,0,0,1,-81063.20000000019,0
Adamantite bar,2361,1865,1902,6366,0.11666666666666667,1,18,10000,0,0,0,1,-9624654.24,0
Adamantite bar,2361,1910,1923,1675,0.6833333333333333,3,15,10000,0,0,0,1,-42645.5,0
Grimy tarromin,203,451,490,5632,3.9833333333333334,0,11,13000,0,0,0,1,164454.3999999999,1
Grimy tarromin,203,450,490,100,0.35,0,17,13000,0,0,0,1,3020,1
Grimy tarromin,203,440,455,100,0.016666666666666666,1,20,13000,0,0,0,1,590,1
Grimy tarromin,203,454,451,278,0.03333333333333333,2,1,13000,0,0,0,1,-3341.5599999999977,0
Grimy tarromin,203,473,503,661,0.8333333333333334,2,16,13000,0,0,0,1,13180.339999999967,1
Grimy tarromin,203,450,480,703,0.6666666666666666,2,20,13000,0,0,0,1,3051.5999999999767,1
Grimy lantadyme,2485,2200,2166,719,3.1,0,7,11000,0,0,0,1,-55593.080000000075,0
Grimy ranarr weed,207,6705,6664,266,0.08333333333333333,0,3,11000,0,0,0,1,-46358.47999999998,0
Grimy ranarr weed,207,6666,6687,1056,2.6333333333333333,0,8,11000,0,0,0,1,-119053.44000000041,0
Grimy ranarr weed,207,6817,6762,10,0.08,1,22,11000,0,0,0,1,-1902.3999999999942,0
Grimy ranarr weed,207,6580,6596,454,0.65,3,13,11000,0,0,0,1,-52627.68000000017,0
Grimy ranarr weed,207,6588,6615,652,0.25,3,14,11000,0,0,0,1,-75138.29999999981,0
Grimy irit leaf,209,1660,1627,10,0.08,1,22,13000,0,0,0,1,-655.3999999999996,0
Grimy irit leaf,209,1650,1612,10,0.13333333333333333,1,22,13000,0,0,0,1,-702.3999999999996,0
Grimy irit leaf,209,1653,1666,100,0.23333333333333334,2,0,13000,0,0,0,1,-2032,0
Grimy irit leaf,209,1604,1694,131,0.31666666666666665,2,0,13000,0,0,0,1,7351.720000000001,1
Grimy irit leaf,209,1596,1568,1874,0.5,3,13,13000,0,0,0,1,-111240.64000000013,0
Grimy irit leaf,209,1854,1808,1000,0.03333333333333333,6,21,13000,0,0,0,1,-82160,0
Grimy kwuarm,213,3300,3264,100,0.31666666666666665,0,3,13000,0,0,0,1,-10128,0
Grimy kwuarm,213,3706,3514,100,0.9833333333333333,1,23,13000,0,0,0,1,-26228,0
Grimy kwuarm,213,3966,3660,78,2,2,15,13000,0,0,0,1,-29577.599999999977,0
Grimy kwuarm,213,3490,3457,857,0.18333333333333332,3,14,13000,0,0,0,1,-87533.97999999998,0
Grimy kwuarm,213,3505,3479,232,0.06666666666666667,3,15,13000,0,0,0,1,-22174.560000000056,0
Grimy harralander,205,878,887,100,0.03333333333333333,0,3,13000,0,0,0,1,-874,0
Grimy harralander,205,878,843,100,0.08,0,3,13000,0,0,0,1,-5186,0
Grimy harralander,205,851,871,10,0.11666666666666667,0,6,13000,0,0,0,1,25.799999999999272,1
Grimy harralander,205,909,930,2794,0.15,0,11,13000,0,0,0,1,6705.600000000093,1
Grimy harralander,205,801,826,100,0.25,0,18,13000,0,0,0,1,848,1
Grimy harralander,205,793,845,100,0.016666666666666666,0,19,13000,0,0,0,1,3510,1
Grimy harralander,205,779,622,100,0.03333333333333333,0,19,13000,0,0,0,1,-16944,0
Grimy harralander,205,718,764,10,0.016666666666666666,0,20,13000,0,0,0,1,-6431.28,0
Grimy harralander,205,744,764,100,0.13333333333333333,2,0,13000,0,0,0,1,472,1
Grimy harralander,205,783,802,404,0.85,2,20,13000,0,0,0,1,1195.8399999999674,1
Grimy harralander,205,757,768,5712,1.6666666666666667,6,9,13000,0,0,0,1,-24904.320000000298,0
Dark crab,11936,1332,1349,100,0.6666666666666666,0,2,10000,0,0,0,1,-998,0
Dark crab,11936,1346,1377,100,0.05,1,22,10000,0,0,0,1,346,1
Dark crab,11936,1300,1300,3288,1.65,3,8,10000,0,0,0,1,-85488,0
Dark crab,11936,1225,1244,100,0.05,3,17,10000,0,0,0,1,-588,0
Mithril bar,2359,790,801,100,0.016666666666666666,0,2,10000,0,0,0,1,-502,0
Mithril bar,2359,792,799,2785,0.08333333333333333,0,3,10000,0,0,0,1,-25009.299999999814,0
Mithril bar,2359,800,813,5248,1.7666666666666666,0,12,10000,0,0,0,1,-1451240.48,0
Mithril bar,2359,806,828,100,0.016666666666666666,0,18,10000,0,0,0,1,544,1
Mithril bar,2359,810,792,9638,0.8833333333333333,0,18,10000,0,0,0,1,-2033701.92,0
Mithril bar,2359,777,771,100,2.25,1,20,10000,0,0,0,1,-2142,0
Mithril bar,2359,729,731,8713,0.25,3,0,10000,0,0,0,1,-2263396.34,0
Mithril bar,2359,742,819,5321,65.58333333333333,3,9,10000,0,0,0,1,-630953.54,0
Iron bar,2351,195,203,100,0.03333333333333333,0,2,10000,0,0,0,1,394,1
Iron bar,2351,197,202,100,0.4,0,3,10000,0,0,0,1,96,1
Iron bar,2351,199,204,10,0.75,0,6,10000,0,0,0,1,9.200000000000045,1
Iron bar,2351,195,200,10000,0.31666666666666665,0,11,10000,0,0,0,1,10000,1
Iron bar,2351,203,205,10,0.06666666666666667,0,16,10000,0,0,0,1,-21,0
Iron bar,2351,197,201,100,0.08,0,18,10000,0,0,0,1,-2,0
Iron bar,2351,200,204,10000,21.1,1,4,10000,0,0,0,1,-1742902.88,0
Iron bar,2351,196,204,1286,0.3,2,1,10000,0,0,0,1,-62331.92000000001,0
Iron bar,2351,197,215,949,24.183333333333334,2,1,10000,0,0,0,1,1920047,1
Limpwurt root,225,309,321,100,0.08333333333333333,0,2,13000,0,0,0,1,558,1
Limpwurt root,225,305,308,12900,0.8166666666666667,0,2,13000,0,0,0,1,-1819205.2800000003,0
Limpwurt root,225,292,299,13000,3.3833333333333333,0,7,13000,0,0,0,1,13260,1
Limpwurt root,225,305,322,100,0.016666666666666666,0,19,13000,0,0,0,1,1056,1
Limpwurt root,225,308,312,5767,0.85,1,18,13000,0,0,0,1,-256303.04000000004,0
Limpwurt root,225,311,323,100,0.016666666666666666,1,22,13000,0,0,0,1,554,1
Limpwurt root,225,309,303,10,0.08,1,22,13000,0,0,0,1,-120.59999999999991,0
Limpwurt root,225,309,324,10,0.016666666666666666,1,22,13000,0,0,0,1,85.19999999999982,1
Limpwurt root,225,310,316,100,0.21666666666666667,2,0,13000,0,0,0,1,-32,0
Limpwurt root,225,310,303,427,0.4,2,1,13000,0,0,0,1,-5576.619999999995,0
Limpwurt root,225,309,323,1371,0.65,2,2,13000,0,0,0,1,10337.339999999967,1
Limpwurt root,225,318,324,13000,1.0166666666666666,3,0,13000,0,0,0,1,-6240,0
Limpwurt root,225,327,313,12987,1.3666666666666667,3,15,13000,0,0,0,1,-3044021.46,0
Limpwurt root,225,313,332,100,0.23333333333333334,3,17,13000,0,0,0,1,1236,1
Dragon arrow,11212,1500,1501,3921,0.18333333333333332,6,21,11000,0,0,0,1,-113787.41999999993,0
Dragon arrow,11212,1479,1489,100,0.7,0,0,11000,0,0,0,1,-1978,0
Dragon arrow,11212,1478,1462,10,0.03333333333333333,0,16,11000,0,0,0,1,-452.39999999999964,0
Rune dart,811,161,157,6757,0.13333333333333333,6,22,11000,0,0,0,1,-1086338.4,0
Rune dart,811,158,162,10,0.08333333333333333,0,0,11000,0,0,0,1,7.599999999999909,1
Rune dart,811,158,161,100,0.05,0,1,11000,0,0,0,1,-22,0
Rune dart,811,166,175,10,0.23333333333333334,0,16,11000,0,0,0,1,55,1
Rune dart,811,167,162,10,0.2,0,17,11000,0,0,0,1,-82.40000000000009,0
Rune dart,811,157,162,10,0.31666666666666665,0,19,11000,0,0,0,1,17.59999999999991,1
Rune dart,811,158,164,11000,18.3,1,4,11000,0,0,0,1,-1736392.8,0
Rune dart,811,163,158,10,16.1,1,22,11000,0,0,0,1,176281.16,1
Rune dart,811,157,165,1149,38.45,2,2,11000,0,0,0,1,789807,1
Rune dart,811,164,159,11000,23.066666666666666,3,16,11000,0,0,0,1,-1187264.44,0
Rune dart,811,177,177,11000,0.5833333333333334,5,12,11000,0,0,0,1,-38940,0
Rune dart,811,170,178,11000,1.15,6,0,11000,0,0,0,1,48840,1
Rune dart,811,165,171,11000,1.8333333333333333,6,4,11000,0,0,0,1,28380,1
Dragon dart,11230,2236,2198,1788,0.1,6,19,11000,0,0,0,1,-146544.47999999998,0
Dragon dart,11230,2235,2232,2156,0.31666666666666665,6,19,11000,0,0,0,1,-1196391.8399999999,0
Dragon dart,11230,2237,2176,1,0.18333333333333332,6,20,11000,0,0,0,1,-104.51999999999998,0
Dragon dart,11230,2188,2202,2688,0.11666666666666667,6,21,11000,0,0,0,1,-80747.52000000048,0
Dragon dart,11230,2174,2118,10,3.1333333333333333,6,21,11000,0,0,0,1,185824,1
Dragon dart,11230,2125,2126,100,1.6166666666666667,0,0,11000,0,0,0,1,-191665.2,0
Dragon dart,11230,2112,2116,10,45.483333333333334,0,1,11000,0,0,0,1,186248,1
Dragon dart,11230,2108,2113,100,0.4666666666666667,1,22,11000,0,0,0,1,-190092.6,0
Raw anglerfish,13439,1212,1215,122,6.583333333333333,6,13,15000,0,0,0,1,486779.1,1
Raw anglerfish,13439,1213,1210,10,0.9833333333333333,0,19,15000,0,0,0,1,-272,0
Raw anglerfish,13439,1203,1210,1144,1.1666666666666667,1,19,15000,0,0,0,1,-19676.800000000047,0
Raw anglerfish,13439,1202,1210,100,0.6666666666666666,1,22,15000,0,0,0,1,-1620,0
Raw anglerfish,13439,1183,1193,1293,7.333333333333333,3,1,15000,0,0,0,1,-17920.97999999998,0
Raw anglerfish,13439,1165,1142,100,0.08,3,16,15000,0,0,0,1,-4584,0
Raw anglerfish,13439,1150,1156,2624,1.1666666666666667,4,12,15000,0,0,0,1,-44922.87999999989,0
Raw anglerfish,13439,1131,1137,4586,0.25,4,15,15000,0,0,0,1,-76769.63999999966,0
Saradomin brew(4),6685,10580,10626,16,0.2833333333333333,6,10,2000,0,0,0,1,-2664.320000000007,0
Saradomin brew(4),6685,10541,10486,10,0.16666666666666666,0,1,2000,0,0,0,1,-2647.199999999997,0
Saradomin brew(4),6685,10733,10571,100,1.6833333333333333,1,20,2000,0,0,0,1,-607118.9,0
Saradomin brew(4),6685,10600,10633,10,1.4166666666666667,1,23,2000,0,0,0,1,-1796.6000000000058,0
Saradomin brew(4),6685,10528,10519,283,0.16666666666666666,3,13,2000,0,0,0,1,-62084.54000000004,0
Stamina potion(4),12625,9329,9529,19,0.03333333333333333,6,10,2000,0,0,0,1,178.98000000001048,1
Nihil shard,26231,5102,5257,29,1.9,6,10,30000,0,0,0,1,1445.9400000000023,1
Dragon knife(p++),22810,6034,6043,24,2.05,6,9,7000,0,0,0,1,-132971.72,0
Blighted super restore(4),24598,6312,5698,23,2.2333333333333334,6,9,2000,0,0,0,1,-16743.08,0
Ranging potion(3),169,2827,3626,4,0.016666666666666666,6,9,2000,0,0,0,1,2905.92,1
Ranging potion(3),169,2827,3626,320,0.08333333333333333,6,9,2000,0,0,0,1,232473.6000000001,1
Ranging potion(3),169,2850,3540,110,0.4,2,20,2000,0,0,0,1,68112,1
Eye of newt,221,2,3,10,0.016666666666666666,5,20,13000,0,0,0,1,9.399999999999999,1
Shark,385,736,738,10,0.05,5,11,10000,0,0,0,1,-127.60000000000036,0
Black d'hide chaps,2497,4631,4557,10,0.05,5,11,70,0,0,0,1,-1651.4000000000015,0
Awakener's orb,28334,763001,762336,1,0.18333333333333332,5,10,50,0,0,0,1,-15911.719999999972,0
Huasca seed,30088,128325,132300,1,0.03333333333333333,5,10,200,0,0,0,1,1329,1
Red spiders' eggs,223,300,297,50,0.03333333333333333,4,7,13000,0,0,0,1,-447,0
Red spiders' eggs,223,291,298,20,20.383333333333333,4,10,13000,0,0,0,1,20.800000000000182,1
Red spiders' eggs,223,281,294,100,0.2,0,3,13000,0,0,0,1,712,1
Red spiders' eggs,223,292,296,10,0.06666666666666667,1,22,13000,0,0,0,1,-19.200000000000273,0
Red spiders' eggs,223,292,287,1171,0.2833333333333333,2,1,13000,0,0,0,1,-12576.539999999979,0
Red spiders' eggs,223,299,297,5000,0.15,4,14,13000,0,0,0,1,-39700,0
Red spiders' eggs,223,305,304,13000,25.316666666666666,5,13,13000,0,0,0,1,-1973106.8800000001,0
Contract of sensory clouding,30813,760964,744698,1,0.21666666666666667,1,21,50,0,0,0,1,-31159.959999999963,0
Contract of sensory clouding,30813,779090,784000,1,0.13333333333333333,1,22,50,0,0,0,1,-10770,0
Attack potion(3),121,8,22,10,0.1,1,20,2000,0,0,0,1,135.6,1
Big bones,532,283,292,2583,0.05,5,0,3000,0,0,0,1,8162.280000000028,1
Big bones,532,282,290,417,0.08333333333333333,5,0,3000,0,0,0,1,917.3999999999942,1
Big bones,532,282,288,2577,3.1,5,8,3000,0,0,0,1,618.4799999999814,1
Diabolic worms,30773,1169,1036,152,2.4166666666666665,6,10,8000,0,0,0,1,-23365.440000000002,0
Wrath rune,21880,341,344,24492,0.35,4,21,25000,0,0,0,1,-95028.95999999996,0
Wrath rune,21880,369,361,403,0.6333333333333333,6,12,25000,0,0,0,1,-6133.6600000000035,0
Wrath rune,21880,359,360,11167,0.1,6,19,25000,0,0,0,1,-69235.3999999999,0
Wrath rune,21880,358,360,10,0.08333333333333333,6,22,25000,0,0,0,1,-52,0
Wrath rune,21880,357,360,10,0.03333333333333333,6,22,25000,0,0,0,1,-42,0
Wrath rune,21880,361,368,100,0.5166666666666667,0,0,25000,0,0,0,1,3570.4000000000015,1
Wrath rune,21880,361,347,10,16.283333333333335,0,1,25000,0,0,0,1,-209.4000000000001,0
Wrath rune,21880,346,354,10,46.233333333333334,0,17,25000,0,0,0,1,301829.6,1
Wrath rune,21880,352,336,880,53.6,2,15,25000,0,0,0,1,-265636.48,0
Trident of the seas (full),11905,724091,738607,2,0.06666666666666667,4,20,8,0,0,0,1,-512.2800000000279,0
Diamond bolts (e),9243,109,113,11000,0.6166666666666667,4,19,11000,0,0,0,1,19140,1
Granite maul,4153,401622,405677,13,0.2833333333333333,4,19,70,0,0,0,1,-52761.020000000484,0
Holy sandals,12598,1603699,1641085,1,0.15,4,18,4,0,0,0,1,4564.300000000047,1
Grimy avantoe,211,3199,3189,390,0.43333333333333335,4,18,13000,0,0,0,1,-1013218.5,0
Grimy avantoe,211,3377,3380,423,0.8166666666666667,0,3,13000,0,0,0,1,-27325.800000000047,0
Grimy avantoe,211,3544,3474,100,0.18333333333333332,2,0,13000,0,0,0,1,-13948,0
Papaya fruit,5972,2143,2176,2133,0.5166666666666667,4,18,11000,0,0,0,1,-22439.16000000015,0
Unicorn horn dust,235,891,895,146,0.06666666666666667,2,1,13000,0,0,0,1,-2029.4000000000087,0
Lantadyme,2481,2249,2306,10,24.966666666666665,0,20,11000,0,0,0,1,203498,1
Lantadyme,2481,2255,2136,100,43.083333333333336,1,20,11000,0,0,0,1,613905.28,1
Dual macuahuitl,28997,5219522,5132395,1,1.9,4,16,15,0,0,0,1,-189774.90000000037,0
Ranarr seed,5295,26073,26414,200,0.016666666666666666,4,16,200,0,0,0,1,-37456,0
Toxic blowpipe (empty),12924,6281068,6321227,1,0.18333333333333332,4,15,8,0,0,0,1,-86265.54000000004,0
Toxic blowpipe (empty),12924,6342069,6376027,1,0.08,4,18,8,0,0,0,1,-93562.54000000004,0
Toxic blowpipe (empty),12924,6583189,6623132,1,0.06666666666666667,4,20,8,0,0,0,1,-92519.63999999966,0
Shattered relics void ornament kit,26479,439793,471229,2,1.1166666666666667,4,15,5,0,0,0,1,44022.83999999997,1
Abyssal dagger (p++),13271,2002208,2035371,3,0.13333333333333333,4,15,8,0,0,0,1,-22633.259999999776,0
Blood moon tassets,29025,6201813,6303250,1,0.9,4,14,15,0,0,0,1,-24628,0
Uncut ruby,1619,945,929,4668,0.1,6,21,10000,0,0,0,1,-161419.4400000004,0
Ring of the gods,12601,1376952,1369211,2,6.5,4,12,8,0,0,0,1,-1412077.22,0
Devout boots,22954,1815980,1826133,2,1.3333333333333333,4,11,70,0,0,0,1,-1842349.66,0
Devout boots,22954,1735770,1756797,2,0.06666666666666667,4,19,70,0,0,0,1,-28217.87999999989,0
Magic logs,1513,973,989,7429,0.18333333333333332,4,11,12000,0,0,0,1,-28081.62000000011,0
Amulet of avarice,22557,306036,319233,4,0.11666666666666667,4,11,8,0,0,0,1,27249.35999999987,1
Amulet of avarice,22557,316231,317208,3,1.3666666666666667,4,11,8,0,0,0,1,-637829.16,0
Virtus mask,26241,6000000,6071415,1,0.1,4,9,8,0,0,0,1,-50013.299999999814,0
Contract of worm acquisition,30834,123278,192159,2,1.9,4,9,50,0,0,0,1,130075.64000000001,1
Yew logs,1515,227,229,12000,0.16666666666666666,5,11,12000,0,0,0,1,-30960,0
Holy wraps,19997,2086738,2268552,1,0.05,3,21,4,0,0,0,1,136442.95999999996,1
Oak plank,8778,425,427,13000,0.26666666666666666,3,21,13000,0,0,0,1,-97573.79999999981,0
Oak plank,8778,417,421,13000,0.08333333333333333,4,18,13000,0,0,0,1,-57460,0
Red d'hide body,2501,5313,5480,70,0.16666666666666666,3,21,70,0,0,0,1,4018,1
Brimstone ring,22975,3732868,3770493,1,0.03333333333333333,3,21,8,0,0,0,1,-37784.85999999987,0
Dwarf weed,267,3050,3026,10,0.9166666666666666,3,21,11000,0,0,0,1,-845.2000000000007,0
Astral rune,9075,91,98,25000,0.4166666666666667,3,21,25000,0,0,0,1,126000,1
Astral rune,9075,95,97,25000,0.25,4,9,25000,0,0,0,1,1500,1
Astral rune,9075,76,88,2009,0.06666666666666667,6,12,25000,0,0,0,1,20572.160000000003,1
Astral rune,9075,91,93,2499,0.11666666666666667,6,21,25000,0,0,0,1,349.85999999998603,1
Astral rune,9075,90,93,10,0.03333333333333333,6,22,25000,0,0,0,1,11.399999999999977,1
Astral rune,9075,91,93,100,0.08,0,1,25000,0,0,0,1,14,1
Astral rune,9075,91,90,102,0.03333333333333333,0,1,25000,0,0,0,1,-285.60000000000036,0
Astral rune,9075,90,93,100,0.016666666666666666,0,2,25000,0,0,0,1,114,1
Astral rune,9075,90,93,100,0.08,0,2,25000,0,0,0,1,114,1
Astral rune,9075,93,92,100,0.08333333333333333,0,6,25000,0,0,0,1,-284,0
Astral rune,9075,90,90,10,0.26666666666666666,0,6,25000,0,0,0,1,-18,0
Astral rune,9075,90,92,25000,0.31666666666666665,0,11,25000,0,0,0,1,4000,1
Astral rune,9075,91,89,10,1.25,0,17,25000,0,0,0,1,-37.80000000000007,0
Astral rune,9075,86,87,100,0.016666666666666666,0,19,25000,0,0,0,1,-74,0
Astral rune,9075,88,89,100,0.48333333333333334,1,22,25000,0,0,0,1,-78,0
Astral rune,9075,89,92,2397,0.03333333333333333,2,1,25000,0,0,0,1,2780.5199999999895,1
Astral rune,9075,83,86,3730,0.6666666666666666,2,15,25000,0,0,0,1,4774.400000000023,1
Astral rune,9075,85,87,25000,0.9166666666666666,3,0,25000,0,0,0,1,6500,1
Astral rune,9075,81,82,25000,0.23333333333333334,4,15,25000,0,0,0,1,-16000,0
Astral rune,9075,81,84,25000,0.6,6,0,25000,0,0,0,1,33000,1
Astral rune,9075,82,86,25000,6.366666666666666,6,12,25000,0,0,0,1,-2049662.88,0
Astral rune,9075,84,88,10000,0.2833333333333333,1,9,25000,119,19.858310602868514,0.9550561797752809,1.1252511721366376,22400,1
Astral rune,9075,86,85,10000,0.4,1,10,25000,122,12.950289572052048,0,1.0324129651860745,-27000,0
Astral rune,9075,84,80,10000,1.75,1,14,25000,172,0,0,1.0120481927710843,-56000,0
Astral rune,9075,80,83,10000,0.25,1,16,25000,195,19.67968495682794,0.012422360248447204,1.238390092879257,13400,1
Astral rune,9075,85,87,1,0.016666666666666666,1,20,25000,242,1.6852299546352716,0.054878048780487805,1.0191846522781773,0.2600000000000051,1
Astral rune,9075,85,86,9999,0.11666666666666667,1,22,25000,268,1.2489995996796797,0.023668639053254437,0.984936268829664,-7199.280000000028,0
Tuna,361,149,153,3519,0.7833333333333333,3,21,6000,0,0,0,1,1058.7600000000093,1
Tuna,361,147,151,30,20.366666666666667,4,10,6000,0,0,0,1,29.399999999999636,1
Elder chaos top,20517,306857,312770,2,0.65,3,20,8,0,0,0,1,-684.8000000000466,0
Elder chaos top,20517,286937,295764,2,0.2,4,19,8,0,0,0,1,5823.439999999944,1
Looting bag note,24585,46174,48368,32,0.65,4,12,40,0,0,0,1,39252.47999999998,1
Dragon bones,536,2406,2416,1000,0.1,3,19,7500,0,0,0,1,-38320,0
Blue moon tassets,29016,3636223,3789587,1,0.45,3,18,15,0,0,0,1,77572.25999999978,1
Blue moon tassets,29016,3523246,3600080,1,1.4166666666666667,4,16,15,0,0,0,1,4832.399999999907,1
Saradomin d'hide boots,19933,322516,344311,1,0.05,3,18,8,0,0,0,1,14908.77999999997,1
Saradomin d'hide boots,19933,320613,351711,1,0.016666666666666666,3,18,8,0,0,0,1,24063.77999999997,1
Blue moon spear,28988,400007,408193,2,0.06666666666666667,3,18,15,0,0,0,1,44.28000000002794,1
Tzhaar-ket-om,6528,313988,326383,3,0.26666666666666666,3,18,70,0,0,0,1,-302253.32000000007,0
Molten glass,1775,95,95,13000,0.31666666666666665,3,17,13000,0,0,0,1,-346639.80000000005,0
Divine super combat potion(4),23685,21298,21568,259,0.08333333333333333,3,17,2000,0,0,0,1,-41792.24000000022,0
Spirit shield,12829,92615,90906,3,0.35,3,17,8,0,0,0,1,167594.39999999997,1
Ahrim's armour set,12881,5205801,5217712,1,4.066666666666666,3,16,8,0,0,0,1,-92443.24000000022,0
Karil's leathertop,4736,1198147,1205194,3,1.75,3,15,15,0,0,0,1,-2413350.88,0
Kraken tentacle,12004,498237,503564,4,0.11666666666666667,3,15,70,0,0,0,1,-18977.12000000011,0
Light ballista,19478,865467,892280,1,0.35,3,14,8,0,0,0,1,8967.400000000023,1
Mystic smoke staff,12000,2012186,2033229,2,0.15,3,14,8,0,0,0,1,-39243.16000000015,0
Eclipse moon tassets,29007,1198827,1234764,1,0.05,3,14,15,0,0,0,1,11241.719999999972,1
Blood moon helm,29028,804246,820668,1,0.06666666666666667,3,14,15,0,0,0,1,8.64000000001397,1
Zamorakian hasta,11889,2165914,2220491,1,0.1,3,14,8,0,0,0,1,10167.180000000168,1
Master wand,6914,1904765,1927589,1,0.03333333333333333,3,13,70,0,0,0,1,-15727.780000000028,0
Contract of divine severance,30819,61500,67042,1,0.05,5,10,50,0,0,0,1,4201.1600000000035,1
Blighted ancient ice sack,24607,688,704,4348,0.8833333333333333,3,12,15000,0,0,0,1,8348.160000000149,1
Dragon boots,11840,167233,168158,18,0.016666666666666666,3,12,70,0,0,0,1,-43886.87999999989,0
Seers ring,6731,723791,736393,3,4.916666666666667,3,7,8,0,0,0,1,-6377.5800000000745,0
Rangers' tunic,12596,2693032,2732681,1,0.3,3,7,4,0,0,0,1,-15004.620000000112,0
Rangers' tunic,12596,2784741,2823024,1,0.3333333333333333,4,20,4,0,0,0,1,-18177.47999999998,0
Ornate maul handle,24229,746135,752126,7,0.5,3,6,50,0,0,0,1,-4485861.52,0
Snape grass seed,22879,8239,8455,200,0.18333333333333332,3,7,200,0,0,0,1,9380,1
Amethyst dart,25849,227,236,10368,0.05,3,12,11000,0,0,0,1,44375.04000000004,1
Amethyst dart,25849,229,233,11000,0.38333333333333336,3,21,11000,0,0,0,1,-7260,0
Amethyst dart,25849,225,232,11000,0.15,4,18,11000,0,0,0,1,25960,1
Crushed nest,6693,6787,6952,261,0.31666666666666665,3,6,11000,0,0,0,1,6775.560000000056,1
Anglerfish,13441,1440,1450,103,0.21666666666666667,6,12,10000,0,0,0,1,-1957,0
Anglerfish,13441,1463,1463,2731,0.05,6,19,10000,0,0,0,1,-79909.06000000006,0
Anglerfish,13441,1453,1462,3311,0.11666666666666667,6,19,10000,0,0,0,1,-67014.63999999966,0
Anglerfish,13441,1453,1461,3316,0.23333333333333334,6,19,10000,0,0,0,1,-70365.52000000048,0
Anglerfish,13441,1460,1464,10,0.08,6,22,10000,0,0,0,1,-252.8000000000011,0
Anglerfish,13441,1460,1444,10,0.1,6,22,10000,0,0,0,1,-448.8000000000011,0
Anglerfish,13441,1479,1464,100,0.06666666666666667,0,1,10000,0,0,0,1,-4428,0
Anglerfish,13441,1450,1446,10,0.06666666666666667,0,17,10000,0,0,0,1,-329.2000000000007,0
Anglerfish,13441,1443,1450,10,0.016666666666666666,0,17,10000,0,0,0,1,-220,0
Anglerfish,13441,1481,1452,100,0.18333333333333332,1,22,10000,0,0,0,1,-5804,0
Anglerfish,13441,1393,1408,2347,0.08333333333333333,6,3,10000,0,0,0,1,-30886.52000000002,0
Adamant dart tip,823,207,209,20000,0.4666666666666667,3,6,20000,0,0,0,1,-2837754.44,0
Eclipse moon chestplate,29004,1170334,1202574,1,0.05,3,6,15,0,0,0,1,8188.520000000019,1
Blood moon chestplate,29022,2935420,2888241,1,7.4,2,22,15,0,0,0,1,-104943.81999999983,0
Sunlight moth mix (2),29192,3403,3910,125,1.0666666666666667,4,21,125,0,0,0,1,53600,1
Bow string,1777,73,74,13000,0.11666666666666667,2,22,13000,0,0,0,1,-6240,0
Bow string,1777,72,73,13000,0.13333333333333333,3,20,13000,0,0,0,1,-5980,0
Bow string,1777,63,65,2870,0.13333333333333333,6,11,13000,0,0,0,1,2009,1
Bow string,1777,67,69,10,0.1,0,16,13000,0,0,0,1,6.199999999999932,1
Bow string,1777,67,69,10,0.03333333333333333,0,16,13000,0,0,0,1,6.199999999999932,1
Karil's armour set,12883,1843299,1863575,1,8.416666666666666,2,21,8,0,0,0,1,-16995.5,0
Torag's platebody,4749,208554,215250,1,0.06666666666666667,2,20,15,0,0,0,1,2391,1
Torag's platebody,4749,206161,217662,1,1.0833333333333333,2,21,15,0,0,0,1,7147.760000000009,1
Eclipse moon helm,29010,569008,597025,1,0.05,2,20,15,0,0,0,1,16076.5,1
Crystal weapon seed,4207,255500,256256,7,1.1,2,20,70,0,0,0,1,-30583.840000000084,0
Obsidian armour set,21279,2388252,2469277,1,0.2833333333333333,2,20,5,0,0,0,1,31639.459999999963,1
Snape grass,231,492,495,11106,0.5,2,20,13000,0,0,0,1,-4915018.8,0
Snape grass,231,391,384,380,0.08,6,12,13000,0,0,0,1,-5578.399999999994,0
Snape grass,231,391,393,381,0.08,6,12,13000,0,0,0,1,-2232.6600000000035,0
Snape grass,231,395,409,10,0.016666666666666666,6,22,13000,0,0,0,1,58.19999999999982,1
Snape grass,231,395,397,10,0.45,0,1,13000,0,0,0,1,-59.40000000000009,0
Snape grass,231,397,403,100,0.08,0,2,13000,0,0,0,1,-206,0
Snape grass,231,399,406,100,0.08,0,2,13000,0,0,0,1,-112,0
Snape grass,231,393,388,2254,2.716666666666667,0,3,13000,0,0,0,1,-28761.040000000037,0
Snape grass,231,395,395,2432,2.216666666666667,0,11,13000,0,0,0,1,1553961.6,1
Snape grass,231,398,406,10,0.06666666666666667,0,19,13000,0,0,0,1,-1.2000000000002728,0
Snape grass,231,440,436,3176,0.31666666666666665,1,19,13000,0,0,0,1,-40398.71999999997,0
Snape grass,231,440,448,10,0.11666666666666667,1,22,13000,0,0,0,1,-9.600000000000364,0
Snape grass,231,479,466,9061,12.716666666666667,3,0,13000,0,0,0,1,-3562036.2800000003,0
Snape grass,231,461,462,6480,0.7333333333333333,3,13,13000,0,0,0,1,-325956.7200000002,0
Snape grass,231,411,427,13000,0.4666666666666667,6,1,13000,0,0,0,1,96980,1
Snape grass,231,404,424,13000,4.466666666666667,6,9,13000,0,0,0,1,-2598904.8000000003,0
Emerald,1605,372,375,9801,0.08333333333333333,3,20,13000,0,0,0,1,-44104.5,0
Dragon pickaxe,11920,883314,890919,6,0.016666666666666666,2,19,40,0,0,0,1,-1807481.52,0
Tormented ornament kit,23348,2099235,2210968,1,0.11666666666666667,2,18,4,0,0,0,1,67513.64000000013,1
Tormented ornament kit,23348,2270748,2320609,1,0.03333333333333333,2,21,4,0,0,0,1,3448.8199999998324,1
Iron ore,440,119,122,13000,0.3333333333333333,2,18,13000,0,0,0,1,7280,1
Iron ore,440,125,126,13000,0.18333333333333332,4,20,13000,0,0,0,1,-19760,0
Iron ore,440,164,172,10,0.16666666666666666,0,19,13000,0,0,0,1,45.59999999999991,1
Iron ore,440,133,134,13000,0.1,5,0,13000,0,0,0,1,-21840,0
Iron ore,440,124,120,25000,0.18333333333333332,6,14,13000,0,0,0,1,-828203.2000000002,0
Teak logs,6333,282,287,6666,0.2833333333333333,2,18,13000,0,0,0,1,-1092846.52,0
Ring of recoil,2550,730,740,838,0.25,2,18,15000,0,0,0,1,-307156,0
Nardah teleport,12402,58548,59073,77,0.16666666666666666,2,18,10000,0,0,0,1,-2308317.48,0
Mahogany logs,6332,414,413,11000,2.2666666666666666,3,15,11000,0,0,0,1,-1607492.8000000003,0
Mahogany logs,6332,427,432,11000,0.25,4,18,11000,0,0,0,1,-1742370.56,0
Obsidian platelegs,21304,694080,722529,4,0.03333333333333333,2,18,70,0,0,0,1,55993.68000000017,1
Obsidian platelegs,21304,721352,731839,3,0.1,3,14,70,0,0,0,1,-12449.339999999851,0
Sanfew serum(4),10925,15852,16026,330,2.716666666666667,2,15,2000,0,0,0,1,-48351.60000000056,0
Dharok's armour set,12877,4840560,4890477,1,2.5833333333333335,2,15,8,0,0,0,1,-47892.54000000004,0
Grimy guam leaf,199,635,626,10,0.03333333333333333,0,20,13000,0,0,0,1,-215.19999999999982,0
Gold bar,2357,132,129,10000,8.116666666666667,2,7,10000,0,0,0,1,-398018.94000000006,0
Gold bar,2357,134,137,10000,0.1,2,19,10000,0,0,0,1,2600,1
Gold bar,2357,131,132,805,0.08,3,17,10000,0,0,0,1,-1320.199999999997,0
Gold bar,2357,131,135,9343,1.3833333333333333,4,16,10000,0,0,0,1,12145.899999999907,1
Gold bar,2357,134,137,10000,0.11666666666666667,4,20,10000,0,0,0,1,2600,1
Gold bar,2357,130,131,10000,0.16666666666666666,5,14,10000,0,0,0,1,-16200,0
Gold bar,2357,125,123,40,0.08333333333333333,4,7,10000,0,0,0,1,-178.39999999999964,0
Gold bar,2357,116,118,10000,0.03333333333333333,4,23,10000,0,0,0,1,-3600,0
Revenant ether,21820,182,186,29892,0.2833333333333333,2,7,30000,0,0,0,1,8369.759999999776,1
Revenant ether,21820,179,181,30000,0.2833333333333333,2,19,30000,0,0,0,1,-48600,0
Revenant ether,21820,179,181,24056,0.26666666666666666,3,6,30000,0,0,0,1,-38970.71999999974,0
Revenant ether,21820,177,178,30000,0.13333333333333333,3,12,30000,0,0,0,1,-76800,0
Revenant ether,21820,176,177,30000,0.03333333333333333,3,17,30000,0,0,0,1,-76200,0
Revenant ether,21820,176,178,28838,0.6833333333333333,3,22,30000,0,0,0,1,-44987.28000000026,0
Revenant ether,21820,176,178,30000,0.23333333333333334,4,12,30000,0,0,0,1,-46800,0
Dagannoth bones,6729,13956,14168,147,0.06666666666666667,2,7,7500,0,0,0,1,-10489.919999999925,0
Prayer potion(4),2434,10047,10120,443,0.18333333333333332,1,19,2000,0,0,0,1,-1168095.4,0
Prayer potion(4),2434,9976,9898,10,0.08,1,22,2000,0,0,0,1,-2759.600000000006,0
Prayer potion(4),2434,9979,10063,16,0.016666666666666666,2,1,2000,0,0,0,1,-1876.1600000000035,0
Prayer potion(4),2434,9971,10064,25,0.13333333333333333,2,2,2000,0,0,0,1,-2707,0
Prayer potion(4),2434,9950,9987,37,0.05,2,16,2000,0,0,0,1,-6021.380000000005,0
Prayer potion(4),2434,9900,9933,301,0.43333333333333335,3,13,2000,0,0,0,1,-49863.66000000015,0
Prayer potion(4),2434,9895,9933,314,0.06666666666666667,4,14,2000,0,0,0,1,-50447.24000000022,0
Adamant bolts,9143,36,38,11000,0.2,2,7,11000,0,0,0,1,13640,1
Adamant bolts,9143,39,43,11000,0.05,3,6,11000,0,0,0,1,34540,1
Adamant bolts,9143,37,39,11000,1.7,3,15,11000,0,0,0,1,13420,1
Adamant bolts,9143,39,40,11000,0.16666666666666666,4,11,11000,0,0,0,1,2200,1
Adamant bolts,9143,45,49,11000,0.08333333333333333,4,19,11000,0,0,0,1,33220,1
Soul rune,566,352,355,15042,0.36666666666666664,2,7,25000,0,0,0,1,-61672.200000000186,0
Soul rune,566,368,373,15646,0.08333333333333333,2,19,25000,0,0,0,1,-38489.16000000015,0
Soul rune,566,374,381,9722,0.26666666666666666,3,5,25000,0,0,0,1,-1560781.96,0
Soul rune,566,374,371,15278,0.23333333333333334,3,6,25000,0,0,0,1,-159196.75999999978,0
Soul rune,566,378,383,16484,0.16666666666666666,3,13,25000,0,0,0,1,-43847.44000000041,0
Soul rune,566,379,383,12705,0.25,3,18,25000,0,0,0,1,1887626.7199999997,1
Soul rune,566,371,374,19702,0.35,4,9,25000,0,0,0,1,-88264.95999999996,0
Soul rune,566,373,379,20926,0.15,4,14,25000,0,0,0,1,-33063.080000000075,0
Soul rune,566,388,392,20595,0.05,4,19,25000,0,0,0,1,-79084.79999999981,0
Soul rune,566,375,381,19092,0.23333333333333334,5,13,25000,0,0,0,1,-30929.040000000037,0
Soul rune,566,391,392,14548,0.016666666666666666,5,11,25000,0,0,0,1,-99508.3200000003,0
Steel bar,2353,651,651,9105,0.95,2,21,10000,0,0,0,1,-118547.10000000056,0
Steel bar,2353,646,650,8503,0.06666666666666667,3,6,10000,0,0,0,1,-76527,0
Steel bar,2353,646,647,9359,0.48333333333333334,3,17,10000,0,0,0,1,-111746.45999999996,0
Steel bar,2353,614,619,7452,0.5666666666666667,4,18,10000,0,0,0,1,-54995.75999999978,0
Steel bar,2353,628,635,10000,0.2833333333333333,5,14,10000,0,0,0,1,-57000,0
Steel bar,2353,502,508,2848,0.03333333333333333,0,3,10000,0,0,0,1,-11847.679999999935,0
Steel bar,2353,581,555,7668,1.85,1,20,10000,0,0,0,1,-393262.8000000003,0
Steel bar,2353,582,588,200,0.03333333333333333,2,0,10000,0,0,0,1,-1152,0
Steel bar,2353,582,574,343,0.08,2,1,10000,0,0,0,1,-6681.640000000014,0
Steel bar,2353,560,572,1125,0.6166666666666667,2,2,10000,0,0,0,1,630,1
Steel bar,2353,611,618,506,0.016666666666666666,2,15,10000,0,0,0,1,-2712.1600000000326,0
Steel bar,2353,548,549,5673,0.03333333333333333,4,14,10000,0,0,0,1,-56616.54000000004,0
Steel bar,2353,544,550,5726,0.016666666666666666,5,0,10000,0,0,0,1,-28630,0
Steel bar,2353,579,603,7650,3.65,6,3,10000,0,0,0,1,91341,1
Steel bar,2353,549,534,8674,0.7166666666666667,1,9,10000,119,6.187891401761993,0.02302025782688766,1.006231671554252,-222748.3200000003,0
Steel bar,2353,540,534,4326,0.05,1,16,10000,195,8.692094109016537,-0.038903625110521665,0.9706120248045295,-72157.68000000017,0
Blighted manta ray,24589,425,425,618,0.7166666666666667,2,6,10000,0,0,0,1,-132285.5,0
Amethyst arrow,21326,200,204,11000,0.25,3,18,11000,0,0,0,1,-1877728.96,0
Amethyst arrow,21326,192,195,11000,0.05,4,20,11000,0,0,0,1,-9900,0
Harralander,255,1324,1326,2505,10.95,3,22,13000,0,0,0,1,-61422.60000000009,0
Toadflax potion (unf),3002,3570,3621,387,0.2833333333333333,2,6,10000,0,0,0,1,-8289.540000000037,0
Tarromin potion (unf),95,788,798,270,0.16666666666666666,2,6,10000,0,0,0,1,-3173.279999999999,0
Mithril dart tip,822,109,112,4257,0.05,2,6,20000,0,0,0,1,3235.320000000007,1
Malediction ward,11924,1515714,1673638,1,0.5333333333333333,2,6,8,0,0,0,1,124451.23999999999,1
Malediction ward,11924,1494654,1528201,1,5.283333333333333,3,7,8,0,0,0,1,2982.9799999999814,1
Malediction ward,11924,1685197,1689463,1,0.48333333333333334,4,16,8,0,0,0,1,-29523.26000000001,0
Manta ray,391,1970,1984,2125,0.2,2,6,10000,0,0,0,1,-678696.7200000002,0
Magic sapling,5374,87894,88941,56,7.783333333333333,1,23,200,0,0,0,1,-3091658.2199999997,0
Bandos godsword ornament kit,20071,3715419,4144181,1,7.533333333333333,1,23,4,0,0,0,1,345878.3799999999,1
Boots of brimstone,22951,333316,358172,2,18.75,1,23,70,0,0,0,1,-315623.44,0
Boots of brimstone,22951,353455,362257,2,7.466666666666667,2,22,70,0,0,0,1,3113.719999999972,1
Boots of brimstone,22951,414490,431438,2,0.15,4,18,70,0,0,0,1,-406170.76,0
Cosmic rune,564,101,97,11369,0.7,3,5,18000,0,0,0,1,-67531.8600000001,0
Cosmic rune,564,96,97,18000,0.05,3,20,18000,0,0,0,1,-16920,0
Cosmic rune,564,96,97,18000,0.13333333333333333,5,13,18000,0,0,0,1,-16920,0
Cosmic rune,564,85,98,18000,161.01666666666668,5,7,18000,0,0,0,1,198720,1
Cosmic rune,564,96,94,18000,8.316666666666666,5,0,18000,0,0,0,1,-1555090.76,0
Lobster,379,153,153,2587,0.2,4,23,6000,0,0,0,1,-7916.22000000003,0
Lobster,379,143,147,6000,0.21666666666666667,2,0,6000,293,1.3647344063956182,-0.030201342281879196,0.9744463373083475,6360,1
Runite bolts,9144,106,113,11000,0.06666666666666667,1,23,11000,0,0,0,1,52140,1
Runite bolts,9144,114,117,11000,0.05,2,19,11000,0,0,0,1,7260,1
Runite bolts,9144,115,117,11000,0.16666666666666666,3,6,11000,0,0,0,1,-3740,0
Runite bolts,9144,113,118,11000,0.18333333333333332,3,13,11000,0,0,0,1,29040,1
Runite bolts,9144,120,122,11000,0.21666666666666667,3,22,11000,0,0,0,1,-4840,0
Runite bolts,9144,126,127,10898,0.5333333333333333,4,11,11000,0,0,0,1,-736410.64,0
Runite bolts,9144,141,145,7830,0.03333333333333333,4,18,11000,0,0,0,1,-904947.9,0
Unpowered orb,567,74,77,7132,0.08333333333333333,1,23,10000,0,0,0,1,10412.719999999972,1
Grapes,1987,44,45,20000,0.48333333333333334,3,18,20000,0,0,0,1,2000,1
Grapes,1987,44,45,20000,0.16666666666666666,4,12,20000,0,0,0,1,2000,1
Grapes,1987,44,45,20000,0.18333333333333332,5,14,20000,0,0,0,1,2000,1
Grapes,1987,46,47,20000,0.05,5,0,20000,0,0,0,1,1200,1
Coal,453,130,133,13000,0.21666666666666667,1,22,13000,0,0,0,1,4420,1
Coal,453,131,133,9498,0.2,2,20,13000,0,0,0,1,-6268.679999999935,0
Coal,453,128,130,13000,0.21666666666666667,3,12,13000,0,0,0,1,-7800,0
Coal,453,134,136,12718,0.5833333333333334,3,20,13000,0,0,0,1,-544942.56,0
Coal,453,133,140,13000,0.03333333333333333,4,9,13000,0,0,0,1,54600,1
Coal,453,132,135,13000,0.016666666666666666,4,16,13000,0,0,0,1,3900,1
Coal,453,147,156,13000,0.11666666666666667,0,3,13000,0,0,0,1,76440,1
Coal,453,147,153,13000,3.283333333333333,0,7,13000,0,0,0,1,-394956.6599999999,0
Coal,453,145,147,10,0.08,1,22,13000,0,0,0,1,-9.400000000000091,0
Coal,453,145,146,10,0.016666666666666666,1,22,13000,0,0,0,1,-19.200000000000045,0
Coal,453,145,147,888,0.016666666666666666,2,0,13000,0,0,0,1,-834.7200000000012,0
Coal,453,145,147,798,0.08,2,1,13000,0,0,0,1,-750.1199999999953,0
Coal,453,145,147,1146,0.03333333333333333,2,1,13000,0,0,0,1,-1077.2399999999907,0
Coal,453,145,147,1161,0.03333333333333333,2,1,13000,0,0,0,1,-1091.3399999999965,0
Coal,453,145,147,3655,0.05,2,1,13000,0,0,0,1,-529830.94,0
Coal,453,145,147,2114,0.016666666666666666,2,1,13000,0,0,0,1,-1987.1600000000326,0
Coal,453,145,147,2143,0.55,2,1,13000,0,0,0,1,-2014.4199999999837,0
Coal,453,147,147,2108,0.016666666666666666,2,15,13000,0,0,0,1,-6197.520000000019,0
Coal,453,145,149,13000,0.15,3,0,13000,0,0,0,1,13260,1
Coal,453,150,154,13000,0.08333333333333333,4,23,13000,0,0,0,1,11960,1
Coal,453,146,147,12640,3.316666666666667,5,8,13000,0,0,0,1,-1048356.02,0
Coal,453,145,146,13000,2.2333333333333334,6,4,13000,0,0,0,1,-24960,0
Law rune,563,115,119,18000,0.13333333333333333,1,22,18000,0,0,0,1,29160,1
Law rune,563,117,120,18000,0.016666666666666666,2,7,18000,0,0,0,1,10800,1
Law rune,563,116,121,18000,7.266666666666667,2,22,18000,0,0,0,1,46440,1
Law rune,563,117,119,18000,0.08333333333333333,3,14,18000,0,0,0,1,-6840,0
Law rune,563,109,112,10,0.03333333333333333,0,6,18000,0,0,0,1,7.599999999999909,1
Law rune,563,106,110,10,0.016666666666666666,0,6,18000,0,0,0,1,18,1
Law rune,563,105,110,10,0.5666666666666667,0,6,18000,0,0,0,1,28,1
Law rune,563,107,110,17970,0.35,0,7,18000,0,0,0,1,14376,1
Law rune,563,117,118,1102,0.1,2,0,18000,0,0,0,1,-1498.7200000000012,0
Law rune,563,116,118,2644,0.05,2,1,18000,0,0,0,1,-951.8400000000256,0
Law rune,563,114,114,2718,0.016666666666666666,2,15,18000,0,0,0,1,-6197.039999999979,0
Law rune,563,118,117,18000,38.516666666666666,3,9,18000,0,0,0,1,-1183902.6600000001,0
Law rune,563,116,120,18000,8.95,4,23,18000,0,0,0,1,-1104511.2000000002,0
Atlatl dart,28991,71,78,11000,0.2,1,22,11000,0,0,0,1,-93040,0
Atlatl dart,28991,72,82,11000,0.6,3,5,11000,0,0,0,1,-288946.4,0
Atlatl dart,28991,78,79,11000,0.8333333333333334,3,14,11000,0,0,0,1,-6380,0
Atlatl dart,28991,75,79,11000,0.016666666666666666,4,14,11000,0,0,0,1,26620,1
Atlatl dart,28991,71,75,11000,0.26666666666666666,4,20,11000,0,0,0,1,27500,1
Atlatl dart,28991,71,74,11000,0.5333333333333333,5,13,11000,0,0,0,1,-115701.52000000002,0
Atlatl dart,28991,74,79,1,0.016666666666666666,1,21,11000,0,0,0,1,3.4200000000000017,1
Death rune,560,144,146,25000,0.05,1,22,25000,0,0,0,1,-23000,0
Death rune,560,141,143,25000,7.433333333333334,2,22,25000,0,0,0,1,-21500,0
Death rune,560,140,142,25000,0.06666666666666667,4,9,25000,0,0,0,1,-21000,0
Death rune,560,148,152,10,0.08,1,19,25000,0,0,0,1,9.599999999999909,1
Death rune,560,155,158,1,0.05,5,17,25000,0,0,0,1,-0.1599999999999966,0
Death rune,560,151,153,100,0.08333333333333333,0,19,25000,0,0,0,1,-106,0
Death rune,560,148,151,100,0.13333333333333333,1,19,25000,0,0,0,1,-2,0
Death rune,560,145,148,24933,0.03333333333333333,3,0,25000,0,0,0,1,-608605.8000000003,0
Death rune,560,150,154,14577,0.2833333333333333,4,9,25000,0,0,0,1,13410.839999999851,1
Death rune,560,149,149,25000,0.08333333333333333,4,16,25000,0,0,0,1,-74500,0
Death rune,560,149,151,25000,0.05,4,23,25000,0,0,0,1,-25500,0
Death rune,560,150,150,25000,2.8833333333333333,5,8,25000,0,0,0,1,-196275,0
Death rune,560,147,147,25000,6.15,1,2,25000,27,0.6244997998398398,-0.003367003367003367,0.9839357429718875,-73500,0
Death rune,560,139,147,25000,0.4166666666666667,1,9,25000,118,1.3038404810405297,-0.013651877133105802,0.9553264604810997,126500,1
Death rune,560,143,142,25000,1.7333333333333334,1,14,25000,172,0.5678908345800274,0.0034602076124567475,0.983155723616363,-96000,0
Death rune,560,140,145,25000,0.03333333333333333,2,0,25000,290,1.2288205727444508,-0.007042253521126761,0.9803921568627451,52500,1
Nature rune,561,106,107,18000,0.08333333333333333,1,22,18000,0,0,0,1,-20520,0
Nature rune,561,103,105,18000,0.1,2,6,18000,0,0,0,1,-1800,0
Nature rune,561,104,104,18000,0.016666666666666666,3,19,18000,0,0,0,1,-37440,0
Nature rune,561,101,103,15935,1.05,4,10,18000,0,0,0,1,-956.1000000000931,0
Nature rune,561,102,104,18000,0.03333333333333333,4,18,18000,0,0,0,1,-1440,0
Nature rune,561,101,103,18000,0.35,5,13,18000,0,0,0,1,-1080,0
Nature rune,561,97,98,100,0.08,4,10,18000,0,0,0,1,-96,0
Nature rune,561,101,101,100,0.016666666666666666,0,1,18000,0,0,0,1,-202,0
Nature rune,561,98,98,10,0.016666666666666666,0,6,18000,0,0,0,1,-19.600000000000023,0
Nature rune,561,100,98,10,0.03333333333333333,0,16,18000,0,0,0,1,-39.60000000000002,0
Nature rune,561,99,98,100,0.08,1,20,18000,0,0,0,1,-296,0
Nature rune,561,104,106,18000,0.05,4,16,18000,0,0,0,1,-2160,0
Nature rune,561,104,106,2754,0.05,4,23,18000,0,0,0,1,-330.4799999999814,0
Nature rune,561,100,102,18000,0.11666666666666667,5,11,18000,0,0,0,1,-720,0
Lava rune,4699,22,25,16067,0.5166666666666667,1,22,18000,0,0,0,1,40167.5,1
Lava rune,4699,23,26,18000,0.4166666666666667,3,22,18000,0,0,0,1,44640,1
Lava rune,4699,24,23,18000,0.4166666666666667,4,9,18000,0,0,0,1,-26505.400000000023,0
Demonic tallow,30800,565,564,1528,0.55,1,22,11000,0,0,0,1,-75694,0
Black d'hide body,2503,6635,6904,70,0.8833333333333333,1,22,70,0,0,0,1,9164.399999999965,1
Black d'hide body,2503,7452,7693,19,0.03333333333333333,6,9,70,0,0,0,1,1655.6600000000035,1
Black d'hide body,2503,7493,7644,19,0.03333333333333333,6,10,70,0,0,0,1,-35.720000000001164,0
Chaos rune,562,95,98,16311,0.016666666666666666,1,22,18000,0,0,0,1,16963.439999999944,1
Chaos rune,562,90,92,18000,0.03333333333333333,2,7,18000,0,0,0,1,2880,1
Chaos rune,562,92,95,18000,0.05,2,18,18000,0,0,0,1,19800,1
Chaos rune,562,87,91,18000,0.06666666666666667,3,6,18000,0,0,0,1,39240,1
Chaos rune,562,89,93,16521,1.4333333333333333,3,15,18000,0,0,0,1,35354.939999999944,1
Chaos rune,562,91,94,18000,0.016666666666666666,3,19,18000,0,0,0,1,20160,1
Chaos rune,562,90,91,18000,0.03333333333333333,4,11,18000,0,0,0,1,-14760,0
Chaos rune,562,88,91,10485,0.016666666666666666,4,16,18000,0,0,0,1,12372.29999999993,1
Chaos rune,562,87,91,18000,0.15,4,20,18000,0,0,0,1,39240,1
Chaos rune,562,87,90,18000,0.26666666666666666,5,13,18000,0,0,0,1,21600,1
Chaos rune,562,82,84,50,0.05,4,10,18000,0,0,0,1,16,1
Chaos rune,562,79,80,100,0.08,0,3,18000,0,0,0,1,-60,0
Chaos rune,562,78,83,17900,0.16666666666666666,0,3,18000,0,0,0,1,59786,1
Chaos rune,562,76,80,14520,0.06666666666666667,0,10,18000,0,0,0,1,34848,1
Chaos rune,562,78,78,10,0.08333333333333333,0,19,18000,0,0,0,1,-15.600000000000023,0
Chaos rune,562,78,82,100,0.03333333333333333,0,19,18000,0,0,0,1,236,1
Chaos rune,562,81,84,10,0.13333333333333333,1,22,18000,0,0,0,1,13.199999999999932,1
Chaos rune,562,81,81,100,0.65,1,23,18000,0,0,0,1,-162,0
Chaos rune,562,80,82,1455,0.08,2,0,18000,0,0,0,1,523.8000000000029,1
Chaos rune,562,80,82,1577,0.1,2,0,18000,0,0,0,1,567.7200000000012,1
Chaos rune,562,80,83,2077,0.1,2,1,18000,0,0,0,1,2783.179999999993,1
Chaos rune,562,80,83,2254,0.016666666666666666,2,1,18000,0,0,0,1,3020.359999999986,1
Chaos rune,562,81,83,4806,0.05,2,1,18000,0,0,0,1,1634.039999999979,1
Chaos rune,562,81,83,3852,0.03333333333333333,2,1,18000,0,0,0,1,1309.679999999993,1
Chaos rune,562,80,82,3893,0.016666666666666666,2,15,18000,0,0,0,1,1401.4799999999814,1
Chaos rune,562,78,82,4014,0.6333333333333333,2,16,18000,0,0,0,1,9473.039999999979,1
Chaos rune,562,80,83,3949,0.5,2,20,18000,0,0,0,1,5291.659999999974,1
Chaos rune,562,80,84,14051,0.5666666666666667,2,20,18000,0,0,0,1,32598.320000000065,1
Chaos rune,562,80,85,18000,0.18333333333333332,3,0,18000,0,0,0,1,59400,1
Chaos rune,562,81,82,16794,0.016666666666666666,4,23,18000,0,0,0,1,-10748.159999999916,0
Chaos rune,562,81,83,18000,0.1,5,11,18000,0,0,0,1,6120,1
Chaos rune,562,82,86,18000,2.0166666666666666,6,4,18000,0,0,0,1,41040,1
Chaos rune,562,82,82,10000,0.016666666666666666,6,20,18000,0,0,0,1,-16400,0
Bottomless compost bucket,22994,710297,703884,2,0.36666666666666664,1,21,5,0,0,0,1,-730787.68,0
Burnt page,20718,1620,1630,1431,0.4666666666666667,1,22,11000,0,0,0,1,-32340.600000000093,0
Adamant dart,810,17,19,11000,0.06666666666666667,1,21,11000,0,0,0,1,17820,1
Adamant dart,810,17,18,11000,0.3333333333333333,2,20,11000,0,0,0,1,7040,1
Adamant dart,810,17,19,11000,0.1,3,18,11000,0,0,0,1,17820,1
Adamant dart,810,17,19,11000,0.15,4,9,11000,0,0,0,1,17820,1
Adamant dart,810,17,18,11000,0.11666666666666667,4,18,11000,0,0,0,1,7040,1
Adamant dart,810,17,19,11000,0.08333333333333333,5,14,11000,0,0,0,1,17820,1
Adamant dart,810,17,18,7000,2.933333333333333,6,11,11000,0,0,0,1,4480,1
Arcane prayer scroll,21079,1812939,1837206,1,0.2,1,21,5,0,0,0,1,-12477.120000000112,0
Serpentine helm (uncharged),12929,4026031,4079427,1,0.1,1,21,8,0,0,0,1,-28192.540000000037,0
Gold ore,444,138,140,30000,0.13333333333333333,1,22,30000,0,0,0,1,-24000,0
Gold ore,444,143,150,30000,0.016666666666666666,3,13,30000,0,0,0,1,120000,1
Gold ore,444,143,145,20,2.966666666666667,5,7,30000,0,0,0,1,-18,0
Gold ore,444,138,139,100,0.03333333333333333,0,19,30000,0,0,0,1,-178,0
Gold ore,444,136,137,30000,0.36666666666666664,5,0,30000,0,0,0,1,-52200,0
Rune arrow,892,63,67,11000,0.06666666666666667,1,21,11000,0,0,0,1,29260,1
Rune arrow,892,62,64,11000,0.5,2,20,11000,0,0,0,1,7920,1
Rune arrow,892,67,71,11000,0.13333333333333333,4,9,11000,0,0,0,1,-389517.48,0
Rune arrow,892,69,73,11000,0.36666666666666664,4,14,11000,0,0,0,1,27940,1
Rune arrow,892,67,71,11000,0.25,4,19,11000,0,0,0,1,28380,1
Rune arrow,892,66,75,11000,356.55,5,14,11000,0,0,0,1,82500,1
Rune arrow,892,70,74,11000,5.966666666666667,6,15,11000,0,0,0,1,27720,1
Zulrah's scales,12934,195,198,25410,6.583333333333333,1,23,30000,0,0,0,1,-24393.599999999627,0
Zulrah's scales,12934,195,198,27152,0.3,2,6,30000,0,0,0,1,-26065.919999999925,0
Zulrah's scales,12934,193,197,29146,0.08333333333333333,2,17,30000,0,0,0,1,1748.7599999997765,1
Zulrah's scales,12934,195,196,30000,0.48333333333333334,3,5,30000,0,0,0,1,-663840,0
Zulrah's scales,12934,196,197,30000,0.21666666666666667,3,22,30000,0,0,0,1,-88200,0
Zulrah's scales,12934,196,199,30000,0.13333333333333333,4,12,30000,0,0,0,1,-29400,0
Zulrah's scales,12934,198,200,30000,0.15,4,20,30000,0,0,0,1,-60000,0
Zulrah's scales,12934,224,228,717,0.4666666666666667,6,13,30000,0,0,0,1,-401.5199999999895,0
Zulrah's scales,12934,221,226,2024,0.03333333333333333,6,19,30000,0,0,0,1,971.5200000000186,1
Zulrah's scales,12934,221,225,813,0.016666666666666666,6,19,30000,0,0,0,1,-406.5,0
Zulrah's scales,12934,220,225,853,0.06666666666666667,6,21,30000,0,0,0,1,426.5,1
Zulrah's scales,12934,223,225,10,0.016666666666666666,6,21,30000,0,0,0,1,-25,0
Zulrah's scales,12934,223,226,10,0.016666666666666666,6,21,30000,0,0,0,1,-15.199999999999818,0
Zulrah's scales,12934,223,226,2758,0.08,6,21,30000,0,0,0,1,-4192.160000000033,0
Zulrah's scales,12934,223,226,149,0.03333333333333333,6,21,30000,0,0,0,1,-226.4800000000032,0
Zulrah's scales,12934,223,226,10,0.03333333333333333,6,22,30000,0,0,0,1,-15.199999999999818,0
Zulrah's scales,12934,223,225,23373,0.05,6,22,30000,0,0,0,1,-58432.5,0
Zulrah's scales,12934,223,226,100,0.03333333333333333,0,0,30000,0,0,0,1,-152,0
Zulrah's scales,12934,223,225,2737,0.6333333333333333,0,0,30000,0,0,0,1,-6842.5,0
Zulrah's scales,12934,222,225,100,0.06666666666666667,0,1,30000,0,0,0,1,-150,0
Zulrah's scales,12934,242,240,11033,0.016666666666666666,3,20,30000,0,0,0,1,-75024.3999999999,0
Zulrah's scales,12934,244,245,13434,6.116666666666666,4,16,30000,0,0,0,1,-2734309.6,0
Zulrah's scales,12934,226,228,21073,0.25,1,9,30000,117,0.24494897427831785,0.002183406113537118,0.9856083733100741,-1520160.1600000001,0
Zulrah's scales,12934,227,227,8927,0.3333333333333333,1,10,30000,122,0.22360679774997896,0.002178649237472767,0.9891067538126361,-40528.580000000075,0
Zulrah's scales,12934,227,229,8927,0.08333333333333333,1,16,30000,197,0.43588989435406733,-0.0021691973969631237,0.987385819921705,-23031.66000000015,0
Zulrah's scales,12934,226,228,28382,0.18333333333333332,1,23,30000,284,0.48989794855663565,-0.006493506493506494,0.9809027777777778,-72657.91999999993,0
Cannonball,2,204,209,11000,0.03333333333333333,1,22,11000,0,0,0,1,9020,1
Cannonball,2,206,214,11000,0.03333333333333333,2,6,11000,0,0,0,1,40920,1
Cannonball,2,206,209,11000,0.26666666666666666,2,17,11000,0,0,0,1,-1813142.98,0
Cannonball,2,216,222,11000,0.08333333333333333,3,6,11000,0,0,0,1,17160,1
Cannonball,2,222,222,11000,0.16666666666666666,3,14,11000,0,0,0,1,-48840,0
Cannonball,2,222,225,8810,0.23333333333333334,3,19,11000,0,0,0,1,-1629921,0
Cannonball,2,218,229,11000,0.08333333333333333,4,9,11000,0,0,0,1,70620,1
Cannonball,2,215,220,11000,0.26666666666666666,4,15,11000,0,0,0,1,6600,1
Cannonball,2,220,228,11000,0.45,4,19,11000,0,0,0,1,37840,1
Cannonball,2,219,225,11000,0.03333333333333333,5,13,11000,0,0,0,1,16500,1
Cannonball,2,211,212,1,0.08,2,22,11000,0,0,0,1,-3.240000000000009,0
Cannonball,2,208,208,1,0.08,2,23,11000,0,0,0,1,-4.159999999999997,0
Cannonball,2,208,212,1,0.016666666666666666,3,0,11000,0,0,0,1,-0.2400000000000091,0
Cannonball,2,212,213,1,0.016666666666666666,3,0,11000,0,0,0,1,-3.259999999999991,0
Cannonball,2,201,207,10,0.016666666666666666,5,11,11000,0,0,0,1,18.59999999999991,1
Cannonball,2,193,198,1,0.016666666666666666,5,17,11000,0,0,0,1,1.039999999999992,1
Cannonball,2,189,200,10,0.08,6,10,11000,0,0,0,1,70,1
Cannonball,2,189,199,936,0.05,6,10,11000,0,0,0,1,5634.720000000001,1
Cannonball,2,190,200,919,0.05,6,11,11000,0,0,0,1,5514,1
Cannonball,2,191,201,779,0.016666666666666666,6,12,11000,0,0,0,1,4658.419999999984,1
Cannonball,2,193,199,787,0.016666666666666666,6,12,11000,0,0,0,1,1589.7399999999907,1
Cannonball,2,192,199,807,0.08,6,12,11000,0,0,0,1,-124325.86,0
Cannonball,2,192,196,836,0.08,6,12,11000,0,0,0,1,66.88000000000466,1
Cannonball,2,192,199,1724,0.016666666666666666,6,12,11000,0,0,0,1,5206.479999999981,1
Cannonball,2,188,195,10,0.016666666666666666,6,21,11000,0,0,0,1,31,1
Cannonball,2,188,196,100,0.016666666666666666,6,21,11000,0,0,0,1,408,1
Cannonball,2,188,188,10890,0.016666666666666666,6,21,11000,0,0,0,1,-40946.40000000014,0
Cannonball,2,189,199,100,0.08,0,3,11000,0,0,0,1,602,1
Cannonball,2,190,199,10900,0.03333333333333333,0,3,11000,0,0,0,1,54718,1
Cannonball,2,191,200,11000,0.05,0,11,11000,0,0,0,1,55000,1
Cannonball,2,190,193,10,0.016666666666666666,0,16,11000,0,0,0,1,-8.600000000000136,0
Cannonball,2,192,187,10990,0.08,0,16,11000,0,0,0,1,-96052.6000000001,0
Cannonball,2,197,200,11000,1.7833333333333334,1,20,11000,0,0,0,1,-11000,0
Cannonball,2,193,201,1792,0.03333333333333333,2,1,11000,0,0,0,1,7132.159999999974,1
Cannonball,2,195,199,11000,0.35,3,19,11000,0,0,0,1,220,1
Cannonball,2,199,203,11000,0.13333333333333333,4,9,11000,0,0,0,1,-660,0
Cannonball,2,201,203,11000,0.11666666666666667,4,16,11000,0,0,0,1,-22660,0
Cannonball,2,215,212,7000,0.016666666666666666,1,10,11000,128,2.08806130178211,-0.018223234624145785,0.9803921568627451,-464537.92000000004,0
Cannonball,2,220,225,7000,0.4666666666666667,1,19,11000,234,1.3601470508735443,-0.011061946902654867,0.9799554565701559,3500,1
Blood rune,565,238,241,20362,0.03333333333333333,1,21,25000,0,0,0,1,-37058.83999999985,0
Blood rune,565,237,240,4638,0.03333333333333333,1,22,25000,0,0,0,1,-8348.399999999907,0
Blood rune,565,236,235,18506,1.0333333333333334,2,6,25000,0,0,0,1,-105714.5,0
Blood rune,565,232,236,19914,0.4666666666666667,2,18,25000,0,0,0,1,-14338.080000000075,0
Blood rune,565,231,234,21059,0.08333333333333333,3,6,25000,0,0,0,1,-35379.12000000011,0
Blood rune,565,233,235,9493,0.08333333333333333,3,12,25000,0,0,0,1,-25631.100000000093,0
Blood rune,565,233,234,15507,0.21666666666666667,3,13,25000,0,0,0,1,-57065.76000000024,0
Blood rune,565,234,237,24183,0.08333333333333333,3,18,25000,0,0,0,1,-42078.419999999925,0
Blood rune,565,231,234,25000,0.45,4,11,25000,0,0,0,1,-42000,0
Blood rune,565,231,234,25000,0.03333333333333333,4,15,25000,0,0,0,1,-42000,0
Blood rune,565,234,239,25000,0.03333333333333333,4,20,25000,0,0,0,1,5500,1
Blood rune,565,245,234,100,0.016666666666666666,5,0,25000,0,0,0,1,-1568,0
Blood rune,565,238,236,10,1.9333333333333333,5,0,25000,0,0,0,1,-67.19999999999982,0
Blood rune,565,231,233,25000,0.15,5,13,25000,0,0,0,1,-66500,0
Blood rune,565,235,231,10,0.08,6,14,25000,0,0,0,1,-86.19999999999982,0
Blood rune,565,230,229,10,0.08,0,4,25000,0,0,0,1,-55.80000000000018,0
Blood rune,565,231,234,1,0.08,1,22,25000,0,0,0,1,-1.6800000000000068,0
Blood rune,565,231,234,10,0.016666666666666666,1,22,25000,0,0,0,1,-16.800000000000182,0
Blood rune,565,233,234,10,0.016666666666666666,1,22,25000,0,0,0,1,-36.80000000000018,0
Blood rune,565,227,229,20,0.03333333333333333,2,5,25000,0,0,0,1,-51.600000000000364,0
Blood rune,565,228,230,10,0.13333333333333333,2,5,25000,0,0,0,1,-26,0
Blood rune,565,229,232,10,0.36666666666666664,2,5,25000,0,0,0,1,-16.40000000000009,0
Blood rune,565,227,228,1,0.016666666666666666,2,17,25000,0,0,0,1,-3.5600000000000023,0
Blood rune,565,227,229,1,0.016666666666666666,2,17,25000,0,0,0,1,-2.5800000000000125,0
Blood rune,565,229,229,1,0.08,2,17,25000,0,0,0,1,-4.5800000000000125,0
Blood rune,565,230,228,1,0.08,2,18,25000,0,0,0,1,-6.560000000000002,0
Blood rune,565,225,227,100,0.08333333333333333,3,18,25000,0,0,0,1,-254,0
Blood rune,565,231,236,1,0.08333333333333333,4,2,25000,0,0,0,1,0.28000000000000114,1
Blood rune,565,240,228,1,0.08,4,2,25000,0,0,0,1,-16.560000000000002,0
Blood rune,565,226,229,10,0.016666666666666666,4,6,25000,0,0,0,1,-15.800000000000182,0
Blood rune,565,226,229,100,0.016666666666666666,4,6,25000,0,0,0,1,-158,0
Blood rune,565,231,226,1,0.03333333333333333,5,6,25000,0,0,0,1,-9.52000000000001,0
Blood rune,565,230,230,1,0.15,6,10,25000,0,0,0,1,-4.599999999999994,0
Blood rune,565,227,231,796,0.8666666666666667,6,11,25000,0,0,0,1,-493.5199999999895,0
Blood rune,565,227,233,654,0.016666666666666666,6,12,25000,0,0,0,1,876.359999999986,1
Blood rune,565,226,231,659,0.016666666666666666,6,12,25000,0,0,0,1,250.4199999999837,1
Blood rune,565,226,224,711,0.08,6,12,25000,0,0,0,1,-4607.279999999999,0
Blood rune,565,231,234,10,0.016666666666666666,6,21,25000,0,0,0,1,-16.800000000000182,0
Blood rune,565,231,234,24990,0.05,6,21,25000,0,0,0,1,-41983.200000000186,0
Blood rune,565,227,231,100,0.1,0,2,25000,0,0,0,1,-62,0
Blood rune,565,229,232,100,0.08,0,3,25000,0,0,0,1,-164,0
Blood rune,565,229,233,17151,0.08,0,3,25000,0,0,0,1,-11319.660000000149,0
Blood rune,565,228,234,7649,0.08333333333333333,0,3,25000,0,0,0,1,10096.679999999935,1
Blood rune,565,218,220,10,0.016666666666666666,0,7,25000,0,0,0,1,-24,0
Blood rune,565,221,218,527,0.016666666666666666,2,0,25000,0,0,0,1,-3878.720000000001,0
Blood rune,565,221,222,772,0.016666666666666666,2,1,25000,0,0,0,1,-2655.679999999993,0
Blood rune,565,221,221,1629,0.016666666666666666,2,1,25000,0,0,0,1,-7200.179999999993,0
Blood rune,565,220,222,1394,0.21666666666666667,2,2,25000,0,0,0,1,-3401.359999999986,0
Blood rune,565,219,221,2852,0.05,2,2,25000,0,0,0,1,-6901.839999999967,0
Blood rune,565,215,219,1440,0.06666666666666667,2,15,25000,0,0,0,1,-547.2000000000116,0
Blood rune,565,215,219,1456,0.05,2,15,25000,0,0,0,1,-553.2800000000279,0
Blood rune,565,218,218,19611,7.666666666666667,3,1,25000,0,0,0,1,-1153703.96,0
Blood rune,565,216,214,25000,5.833333333333333,3,9,25000,0,0,0,1,-1718575.12,0
Blood rune,565,211,215,17554,5.916666666666667,3,14,25000,0,0,0,1,-593329.8999999999,0
Blood rune,565,211,215,14763,18.083333333333332,3,19,25000,0,0,0,1,-396963,0
Blood rune,565,212,216,12900,2.9833333333333334,4,13,25000,0,0,0,1,-1443552,0
Blood rune,565,214,222,12100,21.25,4,16,25000,0,0,0,1,-918321.6400000001,0
Blood rune,565,218,226,7681,13.3,5,13,25000,0,0,0,1,-1674236.52,0
Blood rune,565,225,226,1,0.8,6,2,25000,0,0,0,1,-3.5200000000000102,0
Blood rune,565,225,227,1,0.11666666666666667,6,3,25000,0,0,0,1,-2.539999999999992,0
Blood rune,565,224,226,19774,1.2333333333333334,6,4,25000,0,0,0,1,-4429154.52,0
Blood rune,565,221,220,18208,0.08,1,0,25000,12,0.7566372975210778,-0.0022271714922048997,0.9841906034290804,-98323.20000000019,0
Blood rune,565,216,217,22048,0.38333333333333336,1,10,25000,125,1.260952021291849,-0.002277904328018223,0.9822646657571623,-73640.3200000003,0
Blood rune,565,223,219,1,0.08,1,22,25000,267,0.7826237921249264,-0.0022222222222222222,0.9922135706340378,-8.379999999999995,0
Blood rune,565,223,219,1,0.08,1,22,25000,274,0.4609772228646444,-0.004454342984409799,0.9944258639910813,-8.379999999999995,0